400022,Traditional,NAVY FEDERAL CREDIT UNION,null,US,United States of America,debit,visa,38,-97,null
400105,Business,null,null,US,United States of America,debit,visa,38,-97,null
400188,Traditional,LUFTHANSA AIRPLUS SERVICEKARTEN GMBH,null,DE,Germany,credit,visa,51,9,null
401174,Traditional,WHITNEY NATIONAL BANK,null,US,United States of America,debit,visa,38,-97,null
401849,Traditional,COMMERZBANK AG,null,DE,Germany,credit,visa,51,9,null
401850,Gold,COMMERZBANK AG,null,DE,Germany,credit,visa,51,9,null
401976,Traditional,WACHOVIA BANK, N.A.,null,US,United States of America,credit,visa,38,-97,null
402007,Traditional,UNICREDIT BANK AG,null,DE,Germany,credit,visa,51,9,null
402037,Traditional,OLDENBURGISCHE LANDESBANK AG,null,DE,Germany,credit,visa,51,9,null
402348,Traditional,AIB BANK,null,IE,Ireland,credit,visa,53,-8,null
402944,Traditional,TD BANKNORTH,null,US,United States of America,debit,visa,38,-97,null
403216,Traditional,NAVY F.C.U.,null,US,United States of America,credit,visa,38,-97,null
403517,Traditional,ADVANTAGE F.C.U.,null,US,United States of America,debit,visa,38,-97,null
403594,Gold,DEUTSCHE POSTBANK AG,null,DE,Germany,credit,visa,51,9,null
403617,Electron,BANCO COOPERATIVO ESPANOL, S.A.,null,ES,Spain,debit,visa,40,-4,null
403632,Traditional,SANTANDER CONSUMER BANK AG,null,DE,Germany,credit,visa,51,9,null
403766,Traditional,U.S. BANK NATIONAL ASSOCIATION, ND,null,US,United States of America,credit,visa,38,-97,null
403784,Traditional,USBANK,null,US,United States of America,credit,visa,38,-97,null
403822,Traditional,ABSA GROUP, LTD.,null,ZA,South Africa,debit,visa,-29,24,null
403960,Traditional,CARD SERVICES FOR CREDIT UNIONS, INC.,null,US,United States of America,credit,visa,38,-97,null
404657,Traditional,STATE EMPLOYEES' C.U.,null,US,United States of America,credit,visa,38,-97,null
405212,Traditional,LBS FINANCIAL C.U.,null,US,United States of America,debit,visa,38,-97,null
405621,Traditional,null,null,PL,Poland,debit,visa,52,20,null
406001,Traditional,ALPHA,null,GR,Greece,debit,visa,39,22,null
406042,Traditional,CHASE,null,US,United States of America,debit,visa,38,-97,null
406068,Traditional,CHASE,null,US,United States of America,debit,visa,38,-97,null
407221,Traditional,WELLS FARGO,null,US,United States of America,credit,visa,38,-97,null
408443,Gold,KEY CLIENT CARDS AND SOLUTIONS S.P.A.,null,IT,Italy,debit,visa,42.8333,12.8333,null
408540,Business,TD BANKNORTH,null,US,United States of America,debit,visa,38,-97,null
410039,Traditional,null,null,US,United States of America,credit,visa,38,-97,null
410040,Business,null,null,US,United States of America,credit,visa,38,-97,null
410651,null,SPAREBANK 1,null,NO,Norway,debit,visa,62,10,null
410894,Traditional,BRANCH BANKING AND TRUST COMPANY,null,US,United States of America,debit,visa,38,-97,null
411905,Platinum,HANA BANK,null,KR,Korea (Republic of),credit,visa,37,127.5,null
412061,Traditional,MERRICK BANK CORPORATION,null,US,United States of America,credit,visa,38,-97,null
412134,Traditional,PENNSYLVANIA STATE EMPLOYEES C.U.,null,US,United States of America,credit,visa,38,-97,null
412141,Traditional,WSFS,null,US,United States of America,debit,visa,38,-97,null
412451,Traditional,CHASE,null,US,United States of America,debit,visa,38,-97,null
412569,Business,CAJA DE AHORROS DE SANTANDER Y CANTABRIA(CAJA CANTABRIA),null,ES,Spain,debit,visa,40,-4,null
412654,Traditional,VALLEY NATIONAL BANK,null,US,United States of America,debit,visa,38,-97,null
412781,Traditional,UMB BANK, N.A.,null,US,United States of America,credit,visa,38,-97,null
412800,Traditional,CITIBANK, N.A.,null,US,United States of America,credit,visa,38,-97,null
412985,Platinum,MBNA EUROPE BANK, LTD.,null,GB,United Kingdom of Great Britain and Northern Ireland,credit,visa,54,-2,null
413149,Business,MOUNTAIN AMERICA F.C.U.,null,US,United States of America,debit,visa,38,-97,null
413484,Traditional,SEA COMM F.C.U.,null,US,United States of America,debit,visa,38,-97,null
414104,Traditional,EDUCATORS C.U.,null,US,United States of America,credit,visa,38,-97,null
414412,Traditional,DOW LOUISIANA F.C.U.,null,US,United States of America,credit,visa,38,-97,null
414709,Traditional,CAPITAL ONE BANK,null,US,United States of America,credit,visa,38,-97,null
414718,Traditional,WELLS FARGO BANK, N.A.,null,US,United States of America,credit,visa,38,-97,null
414721,Traditional,NORDSTROM,null,US,United States of America,credit,visa,38,-97,null
414724,Traditional,BB AND T FINANCIAL, F.S.B.,null,US,United States of America,credit,visa,38,-97,null
414726,null,CITIGROUP PTY, LTD.,null,AU,Australia,credit,visa,-27,133,null
414729,Signature,CITIBANK, N.A.,null,US,United States of America,credit,visa,38,-97,null
414734,Signature,BANK OF AMERICA,null,US,United States of America,credit,visa,38,-97,null
414737,Signature,BANK OF AMERICA,null,US,United States of America,credit,visa,38,-97,null
414905,Traditional,DEUTSCHER SPARKASSEN UND GIROVERBAND,null,DE,Germany,credit,visa,51,9,null
414910,Gold,DEUTSCHER SPARKASSEN UND GIROVERBAND,null,DE,Germany,credit,visa,51,9,null
414911,Gold,DEUTSCHER SPARKASSEN UND GIROVERBAND,null,DE,Germany,credit,visa,51,9,null
414913,Gold,DEUTSCHER SPARKASSEN UND GIROVERBAND,null,DE,Germany,credit,visa,51,9,null
415423,Platinum,BARCLAYS BANK PLC,null,DE,Germany,credit,visa,51,9,null
415539,Traditional,TEACHERS F.C.U.,null,US,United States of America,debit,visa,38,-97,null
415932,Traditional,CORTAL CONSORS,null,DE,Germany,debit,visa,51,9,null
415977,Traditional,BB&T,null,US,United States of America,debit,visa,38,-97,null
416030,Traditional,PREMIER MEMBERS F.C.U.,null,US,United States of America,credit,visa,38,-97,null
416081,Electron,CAJA DE AHORROS Y PENSIONES DE BARCELONA(LA CAIXA),null,ES,Spain,debit,visa,40,-4,null
417094,Traditional,null,null,US,United States of America,credit,visa,38,-97,null
417750,Traditional,BANKIA,null,ES,Spain,credit,visa,40,-4,null
418621,Traditional,USBANK,null,US,United States of America,credit,visa,38,-97,null
418646,Traditional,USBANK,null,US,United States of America,debit,visa,38,-97,null
418662,Traditional,U.S. BANK, N.A.,null,US,United States of America,debit,visa,38,-97,null
419000,Traditional,U.S. BANK NATIONAL ASSOCIATION, ND,null,US,United States of America,credit,visa,38,-97,null
419002,Traditional,USBANK,null,US,United States of America,debit,visa,38,-97,null
419455,Traditional,SAFE C.U.,null,US,United States of America,debit,visa,38,-97,null
419704,Gold,ING DIRECT, N.V.,null,IT,Italy,credit,visa,42.8333,12.8333,null
420567,Gold,VOLKSWAGEN,null,DE,Germany,credit,visa,51,9,null
420767,Traditional,CHASE,null,US,United States of America,debit,visa,38,-97,null
422581,Traditional,CHASE BANK USA, N.A.,null,US,United States of America,credit,visa,38,-97,null
423294,Traditional,HELLENIC POST CREDIT, CREDIT COMPANY SOCIETE ANONYME,null,GR,Greece,credit,visa,39,22,null
423608,Traditional,null,null,BE,Belgium,credit,visa,50.8333,4,null
423817,Traditional,MSUFCU,null,US,United States of America,debit,visa,38,-97,null
423902,Traditional,ARVEST BANK,null,US,United States of America,debit,visa,38,-97,null
423908,Traditional,ARVEST BANK,null,US,United States of America,debit,visa,38,-97,null
423980,Traditional,FIRST NATIONAL BANK,null,US,United States of America,credit,visa,38,-97,null
423982,Traditional,GREAT WESTERN BANK,null,US,United States of America,credit,visa,38,-97,null
424201,Gold,LANDESBANK BADEN-WUERTTEMBERG,null,DE,Germany,credit,visa,51,9,null
424586,Traditional,BANCAJA (CAJA DE AHORROS DE VALENCIA, CASTELLON Y ALICANTE),null,ES,Spain,credit,visa,40,-4,null
424631,Business,CHASE,null,US,United States of America,credit,visa,38,-97,null
424689,Traditional,PNC BANK, GLOBAL INVESTMENT SERVICING,null,US,United States of America,debit,visa,38,-97,null
425016,Traditional,U.S. BANK NATIONAL ASSOCIATION, ND,null,US,United States of America,credit,visa,38,-97,null
425125,null,null,null,PL,Poland,debit,visa,52,20,null
425421,Traditional,NEVADA F.C.U.,null,US,United States of America,debit,visa,38,-97,null
425808,Traditional,M & T BANK NATIONAL ASSOCIATION,null,US,United States of America,debit,visa,38,-97,null
425828,Traditional,M & T BANK NATIONAL ASSOCIATION,null,US,United States of America,debit,visa,38,-97,null
425909,Business,WELLS FARGO BANK, N.A.,null,US,United States of America,debit,visa,38,-97,null
425994,Traditional,ICBA BANCARD,null,US,United States of America,debit,visa,38,-97,null
426207,Traditional,GROW FINANCIAL F.C.U.,null,US,United States of America,debit,visa,38,-97,null
426354,Traditional,COMDIRECT BANK AG,null,DE,Germany,credit,visa,51,9,null
426428,Traditional,FIA CARD SERVICES, N.A.,null,US,United States of America,credit,visa,38,-97,null
426451,Traditional,BANK OF AMERICA,null,US,United States of America,credit,visa,38,-97,null
426938,Traditional,GIO BUILDING SOCIETY, LTD.,null,US,United States of America,credit,visa,38,-97,null
427082,Traditional,USAA SAVINGS BANK,null,US,United States of America,credit,visa,38,-97,null
427138,Traditional,CITI,null,US,United States of America,credit,visa,38,-97,null
427367,Business,SERVIRED, SOCIEDAD ESPANOLA DE MEDIOS DE PAGO, S.A.,null,ES,Spain,credit,visa,40,-4,null
427488,Traditional,null,null,US,United States of America,debit,visa,38,-97,null
427741,Corporate,DEGUSSA BANK GMBH,null,DE,Germany,credit,visa,51,9,null
429480,Traditional,CAJA DE AHORROS Y PENSIONES DE BARCELONA(LA CAIXA),null,ES,Spain,credit,visa,40,-4,null
429941,Traditional,TELLER, A.S.,null,NO,Norway,debit,visa,62,10,null
430500,Traditional,NOTRE DAME F.C.U.,null,US,United States of America,credit,visa,38,-97,null
430572,Traditional,CAPITAL ONE BANK (USA), N.A.,null,US,United States of America,credit,visa,38,-97,null
430589,Traditional,PIRAEUS BANK, S.A.,null,GR,Greece,debit,visa,39,22,null
431196,Traditional,PNC BANK, NATIONAL ASSOCIATION - CONSUMER CREDIT,null,US,United States of America,credit,visa,38,-97,null
431243,Traditional,WELLS FARGO,null,US,United States of America,credit,visa,38,-97,null
431307,Signature,BANK OF AMERICA,null,US,United States of America,credit,visa,38,-97,null
431431,Gold,BONUSCARD.CH AG,null,CH,Switzerland,credit,visa,47,8,null
431935,Traditional,PERMANENT TSB,null,IE,Ireland,debit,visa,53,-8,null
432264,Gold,CAJA DE AHORROS Y PENSIONES DE BARCELONA(LA CAIXA),null,ES,Spain,credit,visa,40,-4,null
432739,Traditional,STATE EMPLOYEES' CREDIT UNION,null,US,United States of America,debit,visa,38,-97,null
432862,Traditional,CENTIER BANK,null,US,United States of America,debit,visa,38,-97,null
433311,Traditional,RAIFFEISEN BANK ZRT.,null,HU,Hungary,debit,visa,47,20,null
433477,Traditional,FIRST CITIZENS BANK & TRUST COMPANY,null,US,United States of America,debit,visa,38,-97,null
434256,Traditional,WELLS FARGO,null,US,United States of America,debit,visa,38,-97,null
434257,Traditional,WELLS FARGO,null,US,United States of America,debit,visa,38,-97,null
434258,Traditional,WELLSFARGO,null,US,United States of America,debit,visa,38,-97,null
434769,Traditional,CHASE,null,US,United States of America,debit,visa,38,-97,null
434960,Traditional,SWISS POST,null,CH,Switzerland,credit,visa,47,8,null
435509,Gold,AKBANK T.A.S.,null,TR,Turkey,credit,visa,39,35,null
436195,Traditional,IBERIA CARDS,null,ES,Spain,credit,visa,40,-4,null
436618,Traditional,USBANK,null,US,United States of America,debit,visa,38,-97,null
438864,Traditional,CAPITAL ONE BANK (USA), N.A.,null,US,United States of America,credit,visa,38,-97,null
438873,Traditional,STATE EMPLOYEES CREDIT UNION OF MARYLAND, INC.,null,US,United States of America,credit,visa,38,-97,null
439239,Traditional,CITIGROUP PTY, LTD.,null,AU,Australia,credit,visa,-27,133,null
439707,Signature,BARCLAY,null,US,United States of America,credit,visa,38,-97,null
440066,Traditional,null,null,US,United States of America,credit,visa,38,-97,null
440577,Electron,TATRA BANKA, A.S.,null,SK,Slovakia,debit,visa,48.6667,19.5,null
440632,Traditional,null,null,SK,Slovakia,debit,visa,48.6667,19.5,null
441103,Traditional,CHASE,null,US,United States of America,debit,visa,38,-97,null
441104,Traditional,CHASE,null,US,United States of America,debit,visa,38,-97,null
441420,Traditional,ELEVATIONS C.U.,null,US,United States of America,debit,visa,38,-97,null
441853,Traditional,FIRST NATIONAL BANK OF OMAHA,null,US,United States of America,credit,visa,38,-97,null
442573,Traditional,SAFE C.U.,null,US,United States of America,credit,visa,38,-97,null
442644,Traditional,WELLS FARGO BANK, N.A.,null,US,United States of America,credit,visa,38,-97,null
442663,Traditional,PIONEER F.C.U.,null,US,United States of America,debit,visa,38,-97,null
442790,Traditional,CITIZENS BANK,null,US,United States of America,debit,visa,38,-97,null
443044,Traditional,PNCBANK,null,US,United States of America,debit,visa,38,-97,null
443050,Traditional,PNC BANK, N.A.,null,US,United States of America,debit,visa,38,-97,null
443051,Traditional,PNCBANK,null,US,United States of America,debit,visa,38,-97,null
443068,Traditional,PNC BANK, N.A.,null,US,United States of America,debit,visa,38,-97,null
443240,Traditional,DECATUR EARTHMOVER C.U.,null,US,United States of America,credit,visa,38,-97,null
443242,Traditional,SOUND C.U.,null,US,United States of America,debit,visa,38,-97,null
443264,Traditional,U.S. BANK, N.A.,null,US,United States of America,debit,visa,38,-97,null
443411,Traditional,CUSCAL, LTD.,null,AU,Australia,debit,visa,-27,133,null
443420,Traditional,TEACHERS CREDIT UNION,null,AU,Australia,debit,visa,-27,133,null
443589,Traditional,COMMUNITY BANK N.A.,null,US,United States of America,debit,visa,38,-97,null
443628,Traditional,CARD SERVICES FOR CREDIT UNIONS, INC.,null,US,United States of America,credit,visa,38,-97,null
444703,Traditional,PNC BANK, DELAWARE,null,US,United States of America,debit,visa,38,-97,null
444796,Traditional,CREDIT ONE,null,US,United States of America,credit,visa,38,-97,null
444982,Traditional,NUCOR EMPLOYEE'S C.U.,null,US,United States of America,credit,visa,38,-97,null
445100,Traditional,FIRST TENNESSEE BANK, N.A.,null,US,United States of America,debit,visa,38,-97,null
445398,Traditional,PROFESSIONAL F.C.U.,null,US,United States of America,credit,visa,38,-97,null
445442,Traditional,null,null,AT,Austria,credit,visa,47.3333,13.3333,null
445470,Traditional,null,null,BE,Belgium,credit,visa,50.8333,4,null
445471,Traditional,BNP PARIBAS FORTIS,null,BE,Belgium,credit,visa,50.8333,4,null
445472,Gold,null,null,BE,Belgium,credit,visa,50.8333,4,null
446274,Traditional,LLOYDS TSB BANK PLC,null,GB,United Kingdom of Great Britain and Northern Ireland,debit,visa,54,-2,null
446278,Traditional,BANK OF SCOTLAND PLC,null,GB,United Kingdom of Great Britain and Northern Ireland,debit,visa,54,-2,null
446291,Traditional,HALIFAX,null,GB,United Kingdom of Great Britain and Northern Ireland,debit,visa,54,-2,null
446292,Traditional,BANK OF SCOTLAND,null,GB,United Kingdom of Great Britain and Northern Ireland,debit,visa,54,-2,null
446531,Traditional,FIVEPOINT F.C.U.,null,US,United States of America,debit,visa,38,-97,null
446539,Traditional,WELLS FARGO BANK NEVADA, N.A.,null,US,United States of America,credit,visa,38,-97,null
446540,Traditional,WELLS FARGO BANK NEVADA, N.A.,null,US,United States of America,credit,visa,38,-97,null
446542,Traditional,WELLS FARGO BANK NEVADA, N.A.,null,US,United States of America,credit,visa,38,-97,null
447057,Traditional,CALIFORNIA BANK AND TRUST,null,US,United States of America,credit,visa,38,-97,null
447596,Traditional,DEUTSCHER SPARKASSEN UND GIROVERBAND,null,DE,Germany,debit,visa,51,9,null
447619,Business,BANK OF AMERICA,null,US,United States of America,credit,visa,38,-97,null
447669,Traditional,TEXAS DOW EMPLOYEES C.U.,null,US,United States of America,debit,visa,38,-97,null
447803,Traditional,KOMERCIJALNA BANKA A.D. SKOPJE,null,MK,Macedonia (the former Yugoslav Republic of),credit,visa,41.8333,22,null
447995,Traditional,BRANCH BANKING AND TRUST COMPANY,null,US,United States of America,credit,visa,38,-97,null
448275,Traditional,TDBANK,null,US,United States of America,debit,visa,38,-97,null
448915,Signature,PNC BANK, NATIONAL ASSOCIATION - CONSUMER CREDIT,null,US,United States of America,credit,visa,38,-97,null
449090,Business,AMERIS BANK,null,US,United States of America,debit,visa,38,-97,null
449210,Traditional,ALASKA USA F.C.U.,null,US,United States of America,debit,visa,38,-97,null
449465,Traditional,GOLDEN 1,null,US,United States of America,debit,visa,38,-97,null
449511,Traditional,DORT F.C.U.,null,US,United States of America,debit,visa,38,-97,null
450060,Gold,CANADIAN IMPERIAL BANK OF COMMERCE,null,CA,Canada,credit,visa,60,-95,null
450220,Traditional,CIBC,null,CA,Canada,credit,visa,60,-95,null
450330,Traditional,CIBC,null,CA,Canada,credit,visa,60,-95,null
450553,Traditional,CIBC,null,CA,Canada,credit,visa,60,-95,null
450625,Traditional,BANKIA,null,ES,Spain,credit,visa,40,-4,null
450644,Traditional,CANADIAN IMPERIAL BANK OF COMMERCE,null,CA,Canada,debit,visa,60,-95,null
450727,Traditional,CAJA DE AHORROS DE GALICIA, VIGO, ORENSE Y PONTEVEDRA,null,ES,Spain,credit,visa,40,-4,null
450850,Electron,CAJA DE AHORROS Y PENSIONES DE BARCELONA(LA CAIXA),null,ES,Spain,debit,visa,40,-4,null
450903,Traditional,ALPHA BANK,null,GR,Greece,credit,visa,39,22,null
450949,Traditional,ANZ,null,AU,Australia,credit,visa,-27,133,null
451014,Traditional,ROYAL,null,CA,Canada,credit,visa,60,-95,null
451015,Traditional,ROYAL BANK OF CANADA,null,CA,Canada,credit,visa,60,-95,null
451401,Infinite,ROYAL BANK OF CANADA,null,CA,Canada,credit,visa,60,-95,null
451403,Gold,ROYAL BANK OF CANADA,null,CA,Canada,credit,visa,60,-95,null
452419,null,OVERSEA-CHINESE BANKING CORP., LTD.,null,SG,Singapore,credit,visa,1.3667,103.8,null
453208,Traditional,VOLKSWAGEN BANK GMBH,null,DE,Germany,credit,visa,51,9,null
453224,Traditional,COMMONWEALTH BANK OF AUSTRALIA,null,AU,Australia,credit,visa,-27,133,null
453598,Traditional,null,null,US,United States of America,credit,visa,38,-97,null
453988,Electron,BANKINTER, S.A.,null,ES,Spain,debit,visa,40,-4,null
453997,Traditional,CARTASI S.P.A.,null,IT,Italy,credit,visa,42.8333,12.8333,null
454313,Traditional,NATIONWIDE BUILDING SOCIETY,null,GB,United Kingdom of Great Britain and Northern Ireland,debit,visa,54,-2,null
454351,Electron,BANCO COOPERATIVO ESPANOL, S.A.,null,ES,Spain,debit,visa,40,-4,null
454361,Gold,HSBC BANK PLC,null,GB,United Kingdom of Great Britain and Northern Ireland,credit,visa,54,-2,null
454617,Traditional,ING DIBA,null,DE,Germany,credit,visa,51,9,null
454638,Traditional,HSBC BANK PLC,null,GB,United Kingdom of Great Britain and Northern Ireland,credit,visa,54,-2,null
454803,Traditional,CAJA DE AHORROS Y PENSIONES DE BARCELONA(LA CAIXA),null,ES,Spain,credit,visa,40,-4,null
454860,Traditional,ASB BANK,null,NZ,New Zealand,credit,visa,-41,174,null
455252,Traditional,CAJA CASTILLA LA MANCHA,null,ES,Spain,credit,visa,40,-4,null
456012,Traditional,DEUTSCHE BANK S.A.E.,null,ES,Spain,credit,visa,40,-4,null
456180,Gold,NATIXIS,null,FR,France,credit,visa,46,2,null
456233,Electron,NATIXIS,null,FR,France,debit,visa,46,2,null
456239,Electron,NATEXIS BANQUES POPULAIRES,null,FR,France,debit,visa,46,2,null
456333,Business,JPMORGAN CHASE BANK, N.A.,null,US,United States of America,debit,visa,38,-97,null
456361,Traditional,LANDESBANK BADEN-WUERTTEMBERG,null,DE,Germany,credit,visa,51,9,null
456430,Traditional,SUNCORP-METWAY, LTD.,null,AU,Australia,debit,visa,-27,133,null
456443,Traditional,BENDIGO AND ADELAIDE BANK, LTD.,null,AU,Australia,credit,visa,-27,133,null
456448,Traditional,CITIGROUP PTY, LTD.,null,AU,Australia,credit,visa,-27,133,null
456462,Traditional,ANZ,null,AU,Australia,credit,visa,-27,133,null
456479,Traditional,POLICE ASSOCIATION CREDIT CO-OPERATIVE, LTD.,null,AU,Australia,debit,visa,-27,133,null
456486,Traditional,INDUE, LTD.,null,AU,Australia,credit,visa,-27,133,null
456525,Traditional,QATAR ISLAMIC BANK (S.A.Q.),null,QA,Qatar,credit,visa,25.5,51.25,null
457150,Traditional,PBS INTERNATIONAL A/S,null,DK,Denmark,debit,visa,56,10,null
457168,Traditional,PBS INTERNATIONAL A/S,null,DK,Denmark,debit,visa,56,10,null
457177,Traditional,PBS INTERNATIONAL A/S,null,DK,Denmark,debit,visa,56,10,null
457247,Electron,null,null,ES,Spain,debit,visa,40,-4,null
457662,Electron,null,null,IT,Italy,debit,visa,42.8333,12.8333,null
458546,Platinum,null,null,IN,India,debit,visa,20,77,null
459981,Electron,BANCO COOPERATIVO ESPANOL, S.A.,null,ES,Spain,debit,visa,40,-4,null
459985,Electron,CAJA DE AHORROS Y PENSIONES DE BARCELONA(LA CAIXA),null,ES,Spain,debit,visa,40,-4,null
459990,Traditional,BANKIA,null,ES,Spain,debit,visa,40,-4,null
459996,Traditional,CAJA DE AHORROS Y PENSIONES DE BARCELONA(LA CAIXA),null,ES,Spain,credit,visa,40,-4,null
460203,Traditional,KITSAP COMMUNITY FEDERAL CREDIT UNION,null,US,United States of America,debit,visa,38,-97,null
460457,Traditional,CARD SERVICES FOR CREDIT UNIONS, INC.,null,US,United States of America,credit,visa,38,-97,null
460819,Traditional,SUNCOAST SCHOOLS F.C.U.,null,US,United States of America,credit,visa,38,-97,null
461046,Traditional,JPMORGAN CHASE BANK, N.A.,null,US,United States of America,debit,visa,38,-97,null
461100,Traditional,SIMMONS FIRST NATIONAL BANK,null,US,United States of America,debit,visa,38,-97,null
461974,Traditional,null,null,AU,Australia,debit,visa,-27,133,null
463158,Traditional,BBVA COMPASS,null,US,United States of America,debit,visa,38,-97,null
463404,Traditional,COMPASS BANK,null,US,United States of America,credit,visa,38,-97,null
464303,Traditional,OLD NATIONAL BANK IN EVANSVILLE,null,US,United States of America,debit,visa,38,-97,null
465345,Traditional,STBANK,null,US,United States of America,debit,visa,38,-97,null
465910,Traditional,LLOYDS,null,GB,United Kingdom of Great Britain and Northern Ireland,debit,visa,54,-2,null
465942,Traditional,HSBC,null,GB,United Kingdom of Great Britain and Northern Ireland,debit,visa,54,-2,null
465944,Traditional,HSBC,null,GB,United Kingdom of Great Britain and Northern Ireland,debit,visa,54,-2,null
465946,Traditional,FIRST DIRECT, DIVISION OF HSBC UK,null,GB,United Kingdom of Great Britain and Northern Ireland,debit,visa,54,-2,null
465950,Traditional,HSBC BANK PLC,null,GB,United Kingdom of Great Britain and Northern Ireland,debit,visa,54,-2,null
467021,Traditional,LA CAIXA,null,ES,Spain,debit,visa,40,-4,null
467199,Traditional,IBERCAJA (CAJA DE AHORROS Y MONTE DE PIEDAD DE ZARAGOZA ARAG,null,ES,Spain,credit,visa,40,-4,null
467297,Traditional,TOPCARD SERVICE, S.A.,null,CH,Switzerland,credit,visa,47,8,null
467309,Traditional,null,null,KR,Korea (Republic of),debit,visa,37,127.5,null
468018,Traditional,ZIONS FIRST NATIONAL BANK,null,US,United States of America,debit,visa,38,-97,null
469596,Traditional,BARCLAYS BANK DELAWARE,null,US,United States of America,credit,visa,38,-97,null
470134,Traditional,BANK OF AMERICA,null,US,United States of America,debit,visa,38,-97,null
470788,Traditional,STATE FARM BANK, F.S.B.,null,US,United States of America,credit,visa,38,-97,null
470833,Traditional,null,null,JP,Japan,credit,visa,36,138,null
471924,Traditional,U.S. BANK NATIONAL ASSOCIATION, ND,null,US,United States of America,credit,visa,38,-97,null
472111,Business,SAFE C.U.,null,US,United States of America,debit,visa,38,-97,null
472675,Electron,null,null,IT,Italy,credit,visa,42.8333,12.8333,null
473702,Traditional,WELLS FARGO BANK, N.A.,null,US,United States of America,debit,visa,38,-97,null
473703,Traditional,null,null,US,United States of America,debit,visa,38,-97,null
474180,Traditional,B@NCA 24-7 S.P.A.,null,IT,Italy,credit,visa,42.8333,12.8333,null
474477,Traditional,BANK OF AMERICA, NATIONAL ASSOCIATION,null,US,United States of America,debit,visa,38,-97,null
474481,Traditional,BANK OF AMERICA, NATIONAL ASSOCIATION,null,US,United States of America,debit,visa,38,-97,null
474727,Traditional,STATE FARM BANK, F.S.B.,null,US,United States of America,credit,visa,38,-97,null
474843,Traditional,null,null,DE,Germany,credit,visa,51,9,null
475055,Traditional,CHASE,null,US,United States of America,debit,visa,38,-97,null
475111,Traditional,ROYAL BANK OF SCOTLAND,null,GB,United Kingdom of Great Britain and Northern Ireland,debit,visa,54,-2,null
475129,Traditional,NATWEST,null,GB,United Kingdom of Great Britain and Northern Ireland,debit,visa,54,-2,null
475598,Traditional,COMPASS BANK,null,US,United States of America,credit,visa,38,-97,null
475824,Traditional,AMERICA FIRST CREDIT UNION,null,US,United States of America,debit,visa,38,-97,null
476223,Traditional,ROYAL BANK OF SCOTLAND,null,GB,United Kingdom of Great Britain and Northern Ireland,debit,visa,54,-2,null
476230,Traditional,ROYAL BANK OF SCOTLAND,null,GB,United Kingdom of Great Britain and Northern Ireland,debit,visa,54,-2,null
476326,Traditional,RAIFFEISEN SCHWEIZ GENOSSENSCHAFT,null,CH,Switzerland,credit,visa,47,8,null
476663,Traditional,CAIXABANK S.A.,null,ES,Spain,credit,visa,40,-4,null
476664,Electron,CAIXABANK S.A.,null,ES,Spain,debit,visa,40,-4,null
476665,Electron,CAIXABANK S.A.,null,ES,Spain,debit,visa,40,-4,null
476744,Traditional,IQ C.U.,null,US,United States of America,credit,visa,38,-97,null
477913,Gold,DEUTSCHE BANK AG,null,DE,Germany,credit,visa,51,9,null
478380,Traditional,CITIBANK, N.A.,null,US,United States of America,credit,visa,38,-97,null
478433,Traditional,null,null,US,United States of America,credit,visa,38,-97,null
478434,Traditional,null,null,US,United States of America,credit,visa,38,-97,null
478813,Traditional,UMB BANK, N.A.,null,US,United States of America,debit,visa,38,-97,null
479188,Traditional,BANCO COOPERATIVO ESPANOL, S.A.,null,ES,Spain,credit,visa,40,-4,null
479213,Traditional,TD BANK, N.A.,null,US,United States of America,debit,visa,38,-97,null
479851,Business,U.S. BANK NATIONAL ASSOCIATION, ND,null,US,United States of America,credit,visa,38,-97,null
480129,Traditional,FIRST FINANCIAL C.U.,null,US,United States of America,credit,visa,38,-97,null
480209,Business,USBANK,null,US,United States of America,debit,visa,38,-97,null
481582,Traditional,BANK OF HAWAII,null,US,United States of America,debit,visa,38,-97,null
482862,Traditional,WELLS FARGO,null,US,United States of America,debit,visa,38,-97,null
483312,Traditional,CHASE,null,US,United States of America,debit,visa,38,-97,null
483313,Traditional,CHASE,null,US,United States of America,debit,visa,38,-97,null
483316,Traditional,CHASE,null,US,United States of America,debit,visa,38,-97,null
484328,Traditional,LOUISIANA USA F.C.U.,null,US,United States of America,credit,visa,38,-97,null
485450,Infinite,null,null,DE,Germany,credit,visa,51,9,null
485720,Traditional,BANKIA,null,ES,Spain,debit,visa,40,-4,null
485807,Traditional,CAIXA D'ESTALVIS I PENSIONS/DE AHORROS Y PENSIONES DE BARCELONA (LA CAIXA),null,ES,Spain,credit,visa,40,-4,null
486265,Traditional,SAIGON THUONG TIN COMMERCIAL JSB,null,VN,Viet Nam,credit,visa,16,106,null
486796,Traditional,CHASE,null,US,United States of America,debit,visa,38,-97,null
486896,Traditional,BARCLAYS BANK DELAWARE,null,US,United States of America,credit,visa,38,-97,null
487090,Traditional,COMMUNITY,null,US,United States of America,debit,visa,38,-97,null
487474,Traditional,BANK MILLENNIUM SPOLKA AKCYJNA,null,PL,Poland,debit,visa,52,20,null
489107,Traditional,RECORD BANQUE / RECORD BANK,null,BE,Belgium,credit,visa,50.8333,4,null
489108,Traditional,KBC CONSUMER FINANCE, N.V.,null,BE,Belgium,credit,visa,50.8333,4,null
489109,Traditional,VISA BELGIUM,null,BE,Belgium,credit,visa,50.8333,4,null
489113,Traditional,KBC BANK N.V.,null,BE,Belgium,credit,visa,50.8333,4,null
489928,Traditional,ROBINS F.C.U.,null,US,United States of America,credit,visa,38,-97,null
490070,Traditional,CHASE,null,US,United States of America,debit,visa,38,-97,null
490167,Business,DEGUSSA BANK GMBH,null,DE,Germany,credit,visa,51,9,null
490632,Traditional,BC CARD CO., LTD.,null,KR,Korea (Republic of),credit,visa,37,127.5,null
490638,Gold,BARCLAYS BANK PLC,null,DE,Germany,credit,visa,51,9,null
490715,Gold,CITIBANK,null,JP,Japan,credit,visa,36,138,null
490744,Traditional,POSTBANK,null,DE,Germany,credit,visa,51,9,null
490762,Traditional,BAYERISCHE LANDESBANK,null,DE,Germany,credit,visa,51,9,null
490804,Traditional,VERBAND DER SPARDA BANKEN E.V.,null,DE,Germany,credit,visa,51,9,null
490845,Traditional,PIRAEUS BANK, S.A.,null,GR,Greece,credit,visa,39,22,null
491767,Electron,CAJA DE AHORROS DE GALICIA, VIGO, ORENSE Y PONTEVEDRA,null,ES,Spain,credit,visa,40,-4,null
491791,Traditional,NATIONAL BANK OF GREECE, S.A.,null,GR,Greece,credit,visa,39,22,null
491832,Gold,CITIBANK,null,BE,Belgium,credit,visa,50.8333,4,null
492107,Traditional,BANCO INTERNACIONAL,null,ES,Spain,credit,visa,40,-4,null
492119,Traditional,BANCO SANTANDER, S.A.,null,ES,Spain,credit,visa,40,-4,null
492181,Traditional,LLOYDS,null,GB,United Kingdom of Great Britain and Northern Ireland,debit,visa,54,-2,null
492182,Gold,LLOYDS,null,GB,United Kingdom of Great Britain and Northern Ireland,debit,visa,54,-2,null
492497,Traditional,MICHIGAN STATE UNIVERSITY F.C.U.,null,US,United States of America,credit,visa,38,-97,null
492910,Platinum,BARCLAYCARD,null,GB,United Kingdom of Great Britain and Northern Ireland,credit,visa,54,-2,null
492915,Platinum,BARCLAYS BANK PLC,null,GB,United Kingdom of Great Britain and Northern Ireland,credit,visa,54,-2,null
492942,Platinum,BARCLAYS BANK PLC,null,GB,United Kingdom of Great Britain and Northern Ireland,credit,visa,54,-2,null
492949,Traditional,BARCLAYS BANK PLC,null,GB,United Kingdom of Great Britain and Northern Ireland,credit,visa,54,-2,null
494052,Traditional,COMMONWEALTH BANK OF AUSTRALIA,null,AU,Australia,credit,visa,-27,133,null
494116,Traditional,DEUTSCHE POSTBANK AG,null,DE,Germany,debit,visa,51,9,null
494119,Electron,BANCA PUEYO,null,ES,Spain,debit,visa,40,-4,null
496099,Traditional,EMPORIKI BANK OF GREECE, S.A.,null,GR,Greece,debit,visa,39,22,null
496626,Gold,CAJA DE AHORROS Y PENSIONES DE BARCELONA(LA CAIXA),null,ES,Spain,credit,visa,40,-4,null
497164,Gold,BANQUE ACCORD,null,FR,France,credit,visa,46,2,null
497535,null,NATIXIS,null,FR,France,debit,visa,46,2,null
497556,null,NATIXIS,null,FR,France,debit,visa,46,2,null
497566,null,NATIXIS,null,FR,France,debit,visa,46,2,null
497578,null,NATIXIS,null,FR,France,credit,visa,46,2,null
497582,null,NATIXIS,null,FR,France,credit,visa,46,2,null
497587,null,NATIXIS,null,FR,France,debit,visa,46,2,null
497604,Traditional,CREDIT INDUSTRIEL ET COMMERCIAL,null,FR,France,debit,visa,46,2,null
497655,Traditional,NATIXIS,null,FR,France,credit,visa,46,2,null
497783,null,CAISSE CENTRALE DE CREDIT MUTUEL,null,FR,France,credit,visa,46,2,null
497814,Gold,CAISSE NATIONALE DES CAISSES D'EPARGNE (CNCE),null,FR,France,debit,visa,46,2,null
497831,Electron,CAISSE NATIONALE DES CAISSES D'EPARGNE (CNCE),null,FR,France,credit,visa,46,2,null
497874,Traditional,CAISSE NATIONALE DES CAISSES D'EPARGNE (CNCE),null,FR,France,debit,visa,46,2,null
497886,Traditional,CAISSE NATIONALE DES CAISSES D'EPARGNE (CNCE),null,FR,France,debit,visa,46,2,null
497887,Gold,CAISSE NATIONALE DES CAISSES D'EPARGNE (CNCE),null,FR,France,debit,visa,46,2,null
497905,Gold,BNP PARIBAS,null,FR,France,debit,visa,46,2,null
498042,Traditional,HOKURIKU CARD CO., LTD.,null,JP,Japan,credit,visa,36,138,null
499897,Traditional,null,null,DE,Germany,credit,visa,51,9,null
499916,Platinum,BANK OF NEW ZEALAND,null,NZ,New Zealand,credit,visa,-41,174,null
